query_number,query_cursor,success,reviews_retrieved
1,*,1.0,100.0
2,AoIIQJ/pQnrh2Vk%3D,1.0,100.0
3,AoIIQJ/fRHXF1B0%3D,1.0,100.0
4,AoIIQJ/Je3/k2kU%3D,1.0,100.0
5,AoIIQJ%2BuSXvIvF0%3D,1.0,100.0
6,AoIIQJ%2BuSXXfpzg%3D,1.0,100.0
7,AoIIQJ%2BuSXjTqiE%3D,1.0,100.0
8,AoIIQJ%2BZ233PwCk%3D,1.0,100.0
9,AoIIQJ9c%2B3im/F8%3D,1.0,100.0
10,AoIIQJ9c%2B3Lx4Vk%3D,1.0,100.0
11,AoIIQJ9c%2B37n91M%3D,1.0,100.0
12,AoIIQJ9c%2B3nUyE8%3D,1.0,100.0
13,AoIIQJ9c%2B3j6tEs%3D,1.0,100.0
14,AoIIQJ9c%2B3iun0c%3D,1.0,100.0
15,AoIIQJ9c%2B3SelUM%3D,1.0,100.0
16,AoIIQJ9c%2B337nz8%3D,1.0,100.0
17,AoIIQJ9c%2B3ud%2BTs%3D,1.0,100.0
18,AoIIQJ9c%2B3yPsjc%3D,1.0,100.0
19,AoIIQJ9c%2B3vdhzQ%3D,1.0,100.0
20,AoIIQJ9c%2B3uy0DA%3D,1.0,100.0
21,AoIIQJ9c%2B3vX/Cw%3D,1.0,100.0
22,AoIIQJ9c%2B3TLlis%3D,1.0,100.0
23,AoIIQJ9c%2B3zk3Sg%3D,1.0,100.0
24,AoIIQJ9c%2B3jE4SY%3D,1.0,100.0
25,AoIIQJ9c%2B3rfjCU%3D,1.0,100.0
26,AoIIQJ9c%2B36evCI%3D,1.0,100.0
27,AoIIQJ9c%2B3LxnCA%3D,1.0,100.0
28,AoIIQJ9c%2B37/hR8%3D,1.0,100.0
29,AoIIQJ9c%2B3GM0h0%3D,1.0,100.0
30,AoIIQJ9c%2B3WQkBU%3D,1.0,100.0
31,AoIIQJ9c%2B3Kc0QM%3D,1.0,100.0
32,AoIIQJ88kHG%2BtCc%3D,1.0,100.0
33,AoIIQJ80N3u52U8%3D,1.0,100.0
34,AoIIQJ80N3COoEI%3D,1.0,100.0
35,AoIIQJ80N33QhzI%3D,1.0,100.0
36,AoIIQJ80N3ezmCg%3D,1.0,100.0
37,AoIIQJ80N36dzR8%3D,1.0,100.0
38,AoIIQJ8m/n/Mx0c%3D,1.0,100.0
39,AoIIQJ7buHiawig%3D,1.0,100.0
40,AoIIQJ67kHipoCs%3D,1.0,100.0
41,AoIIQJ6TA3Chnlg%3D,1.0,100.0
42,AoIIQJ5x73qJz04%3D,1.0,100.0
43,AoIIQJ2irXqOwBs%3D,1.0,100.0
44,AoIIP1wGjn2ViHQ%3D,1.0,100.0
45,AoIIP002k3jeiHc%3D,1.0,100.0
46,AoIIPz37UHOe6twB,1.0,100.0
47,AoIIPzKmwn7PzpUB,1.0,100.0
48,AoIIPyjhtXHZ3Q0%3D,1.0,100.0
49,AoIIPyH2I3uIz6kB,1.0,100.0
50,AoIIPx0vCn%2BWr4gB,1.0,100.0
51,AoIIPxnsHHD3gjw%3D,1.0,100.0
52,AoIIPxfZ/XOwhF4%3D,1.0,100.0
53,AoIIPxVVUHXl250B,1.0,100.0
54,AoIIPxQ%2BuHLVpzo%3D,1.0,100.0
55,AoIIPxKKk3CMlogB,1.0,100.0
56,AoIIPxF9fHGJo00%3D,1.0,100.0
57,AoIIPxCyEHS7m8kB,1.0,100.0
58,AoIIPxCyEHniyHo%3D,1.0,100.0
59,AoIIPxCyEHOPxB4%3D,1.0,100.0
60,AoIIPxBBA3CUwIwB,1.0,100.0
61,AoIIPw/iHn3k5ogB,1.0,100.0
62,AoIIPw9vXX/Uw4cB,1.0,100.0
63,AoIIPw7Zz3uL8IsB,1.0,100.0
64,AoIIPw4kFHXihNMB,1.0,100.0
65,AoIIPw2HUXri3lo%3D,1.0,100.0
66,AoIIPwzxonmzkYwB,1.0,100.0
67,AoIIPwyC4HW5iIsB,1.0,100.0
68,AoIIPww4oHDn8S4%3D,1.0,100.0
69,AoIIPwwdfnvE2IYB,1.0,100.0
70,AoIIPwwdO3PiyCI%3D,1.0,100.0
71,AoIIPwvZVX/Lk4gB,1.0,100.0
72,AoIIPwui8Hj12scB,1.0,100.0
73,AoIIPwui8Hej7LIB,1.0,100.0
74,AoIIPwui8HuO06kB,1.0,100.0
75,AoIIPwui8HOj2Z4B,1.0,100.0
76,AoIIPwui8HKvqpIB,1.0,100.0
77,AoIIPwui8Hqv6YwB,1.0,100.0
78,AoIIPwui8Hfoj4QB,1.0,100.0
79,AoIIPwui8HrsunQ%3D,1.0,100.0
80,AoIIPwui8Hr342Y%3D,1.0,100.0
81,AoIIPwui8HnB5FY%3D,1.0,100.0
82,AoIIPwui8HSFzkU%3D,1.0,100.0
83,AoIIPwui8HaO8TM%3D,1.0,100.0
84,AoIIPwui8HLJ4CU%3D,1.0,100.0
85,AoIIPwui8HqY0R0%3D,1.0,100.0
86,AoIIPwtTDXz1nKQB,1.0,100.0
87,AoIIPwsnRn3ytsgB,1.0,100.0
88,AoIIPwsnRnimhI8B,1.0,100.0
89,AoIIPwsnRn62iVc%3D,1.0,100.0
90,AoIIPwsnRnTsrSM%3D,1.0,100.0
91,AoIIPwrkwXXUwUI%3D,1.0,100.0
92,AoIIPwq/h3mMzVE%3D,1.0,100.0
93,AoIIPwqm43K/gLwB,1.0,100.0
94,AoIIPwpnH3jeg44B,1.0,100.0
95,AoIIPwo9cXTjl7EB,1.0,100.0
96,AoIIPwoKQn2Csis%3D,1.0,100.0
97,AoIIPwnWF3n0l2w%3D,1.0,100.0
98,AoIIPwmNWHWxnTU%3D,1.0,100.0
99,AoIIPwk%2BDH%2B%2BobAB,1.0,100.0
100,AoIIPwjuKHWgi0c%3D,1.0,100.0
101,AoIIPwilvnO/sB4%3D,1.0,100.0
102,AoIIPwhfr3y3iTY%3D,1.0,100.0
103,AoIIPwgSrn%2BQpW4%3D,1.0,100.0
104,AoIIPwfP5n6qv5AB,1.0,100.0
105,AoIIPwefunfymaIB,1.0,100.0
106,AoIIPwdzXHbUs2c%3D,1.0,100.0
107,AoIIPwdfLXOVxn4%3D,1.0,100.0
108,AoIIPwcoUn6QsbUB,1.0,100.0
109,AoIIPwcOG3y5w7IB,1.0,100.0
110,AoIIPwcOG36s0h0%3D,1.0,100.0
111,AoIIPwbrPneZg4IB,1.0,100.0
112,AoIIPwbDVH%2BWxYsB,1.0,100.0
113,AoIIPwae5HH%2BntMB,1.0,100.0
114,AoIIPwae5H612a8B,1.0,100.0
115,AoIIPwae5Hbw9JAB,1.0,100.0
116,AoIIPwae5HiDwnE%3D,1.0,100.0
117,AoIIPwae5HXvtkA%3D,1.0,100.0
118,AoIIPwaKQHvbhtQB,1.0,100.0
119,AoIIPwZ7HHWGyooB,1.0,100.0
120,AoIIPwZVbXufgeYB,1.0,100.0
121,AoIIPwYYanfAoPUB,1.0,100.0
122,AoIIPwYYanqIse0B,1.0,100.0
123,AoIIPwYYan%2B7rugB,1.0,100.0
124,AoIIPwYYanmflOUB,1.0,100.0
125,AoIIPwYYanTniuMB,1.0,100.0
126,AoIIPwYYanbQz98B,1.0,100.0
127,AoIIPwYYanvAmd0B,1.0,100.0
128,AoIIPwYYanmn/NkB,1.0,100.0
129,AoIIPwYYanWmn9cB,1.0,100.0
130,AoIIPwYYanP6jdUB,1.0,100.0
131,AoIIPwYYanHsi9EB,1.0,100.0
132,AoIIPwYYanPd%2BM4B,1.0,100.0
133,AoIIPwYYanbGuM0B,1.0,100.0
134,AoIIPwYYanGTvssB,1.0,100.0
135,AoIIPwYYanywo8oB,1.0,100.0
136,AoIIPwYYanD4mMkB,1.0,100.0
137,AoIIPwYYaniDpcgB,1.0,100.0
138,AoIIPwYYanKGiscB,1.0,100.0
139,AoIIPwYYanmNyMUB,1.0,100.0
140,AoIIPwYYan/B0cMB,1.0,100.0
141,AoIIPwYYann9usEB,1.0,100.0
142,AoIIPwYYanGChr8B,1.0,100.0
143,AoIIPwYYanTKi70B,1.0,100.0
144,AoIIPwYYanuT37oB,1.0,100.0
145,AoIIPwYYan6g/7gB,1.0,100.0
146,AoIIPwYYanq6obcB,1.0,100.0
147,AoIIPwYYanTVvbUB,1.0,100.0
148,AoIIPwYYanz237MB,1.0,100.0
149,AoIIPwYYanOGorMB,1.0,100.0
150,AoIIPwYYani4zbIB,1.0,100.0
151,AoIIPwYYanKqirIB,1.0,100.0
152,AoIIPwYYanaa0LEB,1.0,100.0
153,AoIIPwYYan7HlLEB,1.0,100.0
154,AoIIPwYYany72LAB,1.0,100.0
155,AoIIPwYYanibm7AB,1.0,100.0
156,AoIIPwYYanqC7a8B,1.0,100.0
157,AoIIPwYYanTuxa8B,1.0,100.0
158,AoIIPwYYanb96K4B,1.0,100.0
159,AoIIPwYYana8gq0B,1.0,100.0
160,AoIIPwYYanTNoKsB,1.0,100.0
161,AoIIPwYYanKD2qkB,1.0,100.0
162,AoIIPwYYanmknagB,1.0,100.0
163,AoIIPwYYanSJjacB,1.0,100.0
164,AoIIPwYYany1lqYB,1.0,100.0
165,AoIIPwYYanm2qqUB,1.0,100.0
166,AoIIPwYYaneP1KMB,1.0,100.0
167,AoIIPwYYanKwh6IB,1.0,100.0
168,AoIIPwYYanGWjqAB,1.0,100.0
169,AoIIPwYYanuztp4B,1.0,100.0
170,AoIIPwYYanzK45wB,1.0,100.0
171,AoIIPwYYan78g5sB,1.0,100.0
172,AoIIPwYYanrksZgB,1.0,100.0
173,AoIIPwYYanuKopYB,1.0,100.0
174,AoIIPwYYaniHzJQB,1.0,100.0
175,AoIIPwYYanGv9JIB,1.0,100.0
176,AoIIPwYYanPvs5EB,1.0,100.0
177,AoIIPwYYaneav5AB,1.0,100.0
178,AoIIPwYYanmZ6o8B,1.0,100.0
179,AoIIPwYYaniRgY8B,1.0,100.0
180,AoIIPwYYany6wo4B,1.0,100.0
181,AoIIPwYYan/h%2Bo0B,1.0,100.0
182,AoIIPwYYanGzso0B,1.0,100.0
183,AoIIPwYYan3F6owB,1.0,100.0
184,AoIIPwYYanjHsIwB,1.0,100.0
185,AoIIPwYYanydmosB,1.0,100.0
186,AoIIPwYYanqXt4kB,1.0,100.0
187,AoIIPwYYanuUhogB,1.0,100.0
188,AoIIPwYYanTemoUB,1.0,100.0
189,AoIIPwYYan/2o4IB,1.0,100.0
190,AoIIPwYYan64tX8%3D,1.0,100.0
191,AoIIPwYYan6jqHs%3D,1.0,100.0
192,AoIIPwYYanfOing%3D,1.0,100.0
193,AoIIPwYYan%2BFhHQ%3D,1.0,100.0
194,AoIIPwYYan2qwG8%3D,1.0,100.0
195,AoIIPwYYanzjhGw%3D,1.0,100.0
196,AoIIPwYYanm5jWo%3D,1.0,100.0
197,AoIIPwYYan3Rvmg%3D,1.0,100.0
198,AoIIPwYYanrl/GY%3D,1.0,100.0
199,AoIIPwYYanuzwmQ%3D,1.0,100.0
200,AoIIPwYYanr99Vw%3D,1.0,100.0
201,AoIIPwYYan/LiFc%3D,1.0,100.0
202,AoIIPwYYanye104%3D,1.0,100.0
203,AoIIPwYYanuA90U%3D,1.0,100.0
204,AoIIPwYYan%2BG9js%3D,1.0,100.0
205,AoIIPwYYanv7sTE%3D,1.0,100.0
206,AoIIPwYYan6Nzik%3D,1.0,100.0
207,AoIIPwYYanidiyM%3D,1.0,100.0
208,AoIIPwYYanOugx4%3D,1.0,100.0
209,AoIIPwYMF3/OjkQ%3D,1.0,100.0
210,AoIIPwXb7H3KsO8B,1.0,100.0
211,AoIIPwW3nn7QwKAB,1.0,100.0
212,AoIIPwWlqXDkmL4B,1.0,100.0
213,AoIIPwWYfHzn5mY%3D,1.0,100.0
214,AoIIPwWQsHPGwdcB,1.0,100.0
215,AoIIPwWQsHfp%2BsYB,1.0,100.0
216,AoIIPwWQsHGY17MB,1.0,100.0
217,AoIIPwWQsHnClbAB,1.0,100.0
218,AoIIPwWQsHGE96UB,1.0,100.0
219,AoIIPwWQsHG26JkB,1.0,100.0
220,AoIIPwWQsHzKuo8B,1.0,100.0
221,AoIIPwWQsH2z0YgB,1.0,100.0
222,AoIIPwWQsH%2BOlnU%3D,1.0,100.0
223,AoIIPwWQsHrkzGI%3D,1.0,100.0
224,AoIIPwWQsHvHvEQ%3D,1.0,100.0
225,AoIIPwWQsHyoqyo%3D,1.0,100.0
226,AoIIPwWQsHzW8wY%3D,1.0,100.0
227,AoIIPwVewHTl7OoB,1.0,100.0
228,AoIIPwVConmZ9q8B,1.0,100.0
229,AoIIPwUuQXOg9tAB,1.0,100.0
230,AoIIPwUeuHKqzrkB,1.0,100.0
231,AoIIPwUeuHmq5ZEB,1.0,100.0
232,AoIIPwUeuH7I6Fg%3D,1.0,100.0
233,AoIIPwUUTXWAza4B,1.0,100.0
234,AoIIPwUEgXzKtqgB,1.0,100.0
235,AoIIPwTsU3T3%2BHg%3D,1.0,100.0
236,AoIIPwTDoHrTzGI%3D,1.0,100.0
237,AoIIPwS9qX2ajWU%3D,1.0,100.0
238,AoIIPwSq/H6wlpUB,1.0,100.0
239,AoIIPwSKJn3N9nE%3D,1.0,100.0
240,AoIIPwRp6HGw2KQB,1.0,100.0
241,AoIIPwRdEHn%2B3j0%3D,1.0,100.0
242,AoIIPwQw5Hnyj4wB,1.0,100.0
243,AoIIPwQhCHmf2mY%3D,1.0,100.0
244,AoIIPwP4EnTUs40B,1.0,100.0
245,AoIIPwPXgHn1rXE%3D,1.0,100.0
246,AoIIPwO2Z3qioXU%3D,1.0,100.0
247,AoIIPwOT/3bkq5oB,1.0,100.0
248,AoIIPwN1p3rhnJwB,1.0,100.0
249,AoIIPwNNz3Sikt4B,1.0,100.0
250,AoIIPwMfNn/W/40B,1.0,100.0
251,AoIIPwL6xnns22U%3D,1.0,100.0
252,AoIIPwLYLHnRsUo%3D,1.0,100.0
253,AoIIPwK3zHSVmnI%3D,1.0,100.0
254,AoIIPwKSknSK0pMB,1.0,100.0
255,AoIIPwKChHyzvVo%3D,1.0,100.0
256,AoIIPwJPAX%2BAw6UB,1.0,100.0
257,AoIIPwIsE3LixcAB,1.0,100.0
258,AoIIPwIZM3Oqk48B,1.0,100.0
259,AoIIPwHvt3zn3K0B,1.0,100.0
260,AoIIPwHNgXawv7UB,1.0,100.0
261,AoIIPwGxhX%2BVvNEB,1.0,100.0
262,AoIIPwGWEHCZl68B,1.0,100.0
263,AoIIPwGFz3/ujs8B,1.0,100.0
264,AoIIPwFoH3vppb4B,1.0,100.0
265,AoIIPwFTBXf5rlY%3D,1.0,100.0
266,AoIIPwFEeHPTjmY%3D,1.0,100.0
267,AoIIPwFEZ3zDu1E%3D,1.0,100.0
268,AoIIPwE123uwkSg%3D,1.0,100.0
269,AoIIPwEn9njt/zA%3D,1.0,100.0
270,AoIIPwEaVHCe0mU%3D,1.0,100.0
271,AoIIPwEI9naHs5AB,1.0,100.0
272,AoIIPwD2WnfHiUs%3D,1.0,100.0
273,AoIIPwDh%2BH//kNMB,1.0,100.0
274,AoIIPwDQaH/w4ogB,1.0,100.0
275,AoIIPwC%2BDnuo4mY%3D,1.0,100.0
276,AoIIPwCxvHK2yHM%3D,1.0,100.0
277,AoIIPwCwr3SXgB8%3D,1.0,100.0
278,AoIIPwCjDnfbiosB,1.0,100.0
279,AoIIPwCjDn/%2B3ocB,1.0,100.0
280,AoIIPwCjDnTIjIIB,1.0,100.0
281,AoIIPwCjDn72tX4%3D,1.0,100.0
282,AoIIPwCjDnPe5Hg%3D,1.0,100.0
283,AoIIPwCjDnbav3Q%3D,1.0,100.0
284,AoIIPwCjDn2Wxms%3D,1.0,100.0
285,AoIIPwCjDnPMl2g%3D,1.0,100.0
286,AoIIPwCjDn3VomU%3D,1.0,100.0
287,AoIIPwCjDn2ujls%3D,1.0,100.0
288,AoIIPwCjDnyL1U8%3D,1.0,100.0
289,AoIIPwCjDnL2j0g%3D,1.0,100.0
290,AoIIPwCjDnzJmUI%3D,1.0,100.0
291,AoIIPwCjDnj8mzo%3D,1.0,100.0
292,AoIIPwCjDnTVxzA%3D,1.0,100.0
293,AoIIPwCjDnfusyc%3D,1.0,100.0
294,AoIIPwCjDnjl0Bk%3D,1.0,100.0
295,AoIIPwCaJHDZ61g%3D,1.0,100.0
296,AoIIPwCUPnKgrHQ%3D,1.0,100.0
297,AoIIPwCUPn6k7kM%3D,1.0,100.0
298,AoIIPwCUPnDIryg%3D,1.0,100.0
299,AoIIPwCTp3vW1B0%3D,1.0,100.0
300,AoIIPwCH/XrCv6UB,1.0,100.0
301,AoIIPwCH/Xz9hik%3D,1.0,100.0
302,AoIIPwCEMHW69B8%3D,1.0,100.0
303,AoIIPwB55nnRw08%3D,1.0,100.0
304,AoIIPwBoiHjSwx0%3D,1.0,100.0
305,AoIIPwBZIX7Fvj8%3D,1.0,100.0
306,AoIIPwBRuXGMj3M%3D,1.0,100.0
307,AoIIPwBKUXL9nQI%3D,1.0,100.0
308,AoIIPwA7cXSk1zw%3D,1.0,100.0
309,AoIIPwAnyHzflUM%3D,1.0,100.0
310,AoIIPwAcDXPs5kw%3D,1.0,100.0
311,AoIIPwAOv3DgvU4%3D,1.0,100.0
312,AoIIPwABcX/B/FM%3D,1.0,100.0
313,AoIIPwAAAHfIuL0B,1.0,100.0
314,AoIIPwAAAHj296IB,1.0,100.0
315,AoIIPwAAAHyZsI0B,1.0,100.0
316,AoIIPwAAAHOdz30%3D,1.0,100.0
317,AoIIPwAAAHainGU%3D,1.0,100.0
318,AoIIPwAAAHDu8Uc%3D,1.0,100.0
319,AoIIPwAAAHaAjyg%3D,1.0,100.0
320,AoIIPv/6wn3FoTo%3D,1.0,100.0
321,AoIIPv/ygHTvr2Q%3D,1.0,100.0
322,AoIIPv/mDH2ynEc%3D,1.0,100.0
323,AoIIPv/ag3Wr/SA%3D,1.0,100.0
324,AoIIPv/GdneutS8%3D,1.0,100.0
325,AoIIPv%2BjVXXD5KoB,1.0,100.0
326,AoIIPv%2BCLH/Byh0%3D,1.0,100.0
327,AoIIPv9dV3uWsUo%3D,1.0,100.0
328,AoIIPv9HD3uNh6sB,1.0,100.0
329,AoIIPv8mSnu/i3k%3D,1.0,100.0
330,AoIIPv8CHXjJ9js%3D,1.0,100.0
331,AoIIPv7wB33riMsB,1.0,100.0
332,AoIIPv7ulXbx4Ws%3D,1.0,100.0
333,AoIIPv7XhH7%2Boko%3D,1.0,100.0
334,AoIIPv6%2BvnqVtmI%3D,1.0,100.0
335,AoIIPv655Xnc4IIB,1.0,100.0
336,AoIIPv655XaxnnU%3D,1.0,100.0
337,AoIIPv655XCCz2Q%3D,1.0,100.0
338,AoIIPv655XOJiT4%3D,1.0,100.0
339,AoIIPv64D36D20M%3D,1.0,100.0
340,AoIIPv6r3nrPzyc%3D,1.0,100.0
341,AoIIPv6r3nDMqiI%3D,1.0,100.0
342,AoIIPv6ciHnSykg%3D,1.0,100.0
343,AoIIPv6Hbnmb4js%3D,1.0,100.0
344,AoIIPv5xJnKno1U%3D,1.0,100.0
345,AoIIPv5OBXq8nsQB,1.0,100.0
346,AoIIPv4m1XWsqyI%3D,1.0,100.0
347,AoIIPv4Ls3%2BKxG4%3D,1.0,100.0
348,AoIIPv3iaX7Q3YQB,1.0,100.0
349,AoIIPv3BYXC3tjc%3D,1.0,100.0
350,AoIIPv2mxnzz4b4B,1.0,100.0
351,AoIIPv13MnGM5IUB,1.0,100.0
352,AoIIPv1XvHaC8iY%3D,1.0,100.0
353,AoIIPv0uc3D6mHU%3D,1.0,100.0
354,AoIIPvz6anDg45AB,1.0,100.0
355,AoIIPvzBh3Xhqzw%3D,1.0,100.0
356,AoIIPvyXMXyluIkB,1.0,100.0
357,AoIIPvxZlny19AE%3D,1.0,100.0
358,AoIIPvwfAHKRwGA%3D,1.0,100.0
359,AoIIPvvg33zW0X8%3D,1.0,100.0
360,AoIIPvu/lH6mpH0%3D,1.0,100.0
361,AoIIPvt1p37do60B,1.0,100.0
362,AoIIPvtB4Xq3y1w%3D,1.0,100.0
363,AoIIPvr6%2BH/bttEB,1.0,100.0
364,AoIIPvru6XyTnW0%3D,1.0,100.0
365,AoIIPvrH2nnAkVs%3D,1.0,100.0
366,AoIIPvp7LX24lqAB,1.0,100.0
367,AoIIPvpDu3OeuIcB,1.0,100.0
368,AoIIPvn/%2BH7CltYB,1.0,100.0
369,AoIIPvnKn3Gt7KsB,1.0,100.0
370,AoIIPvmH6HHjnTI%3D,1.0,100.0
371,AoIIPvk0Jnue%2Bu4B,1.0,100.0
372,AoIIPvkJr3a80WE%3D,1.0,100.0
373,AoIIPvjFh3COya4B,1.0,100.0
374,AoIIPvhwVHuk/jc%3D,1.0,100.0
375,AoIIPvgfdXOgsDI%3D,1.0,100.0
376,AoIIPvfbkHWvi6MB,1.0,100.0
377,AoIIPvemenOE44QB,1.0,100.0
378,AoIIPvdcr33s8ekB,1.0,100.0
379,AoIIPvcVHn2OyR0%3D,1.0,100.0
380,AoIIPvbDVHulxtEB,1.0,100.0
381,AoIIPvaErXOSs1s%3D,1.0,100.0
382,AoIIPvZGa3vMmEM%3D,1.0,100.0
383,AoIIPvYVI3azmasB,1.0,100.0
384,AoIIPvXXZ3yEl2c%3D,1.0,100.0
385,AoIIPvXCj3GwoFU%3D,1.0,100.0
386,AoIIPvWBrnjwudEB,1.0,100.0
387,AoIIPvVTJnnc1b4B,1.0,100.0
388,AoIIPvT55H6pxmw%3D,1.0,100.0
389,AoIIPvTeoH/J2bMB,1.0,100.0
390,AoIIPvTeoHOmyYgB,1.0,100.0
391,AoIIPvTeoH7X%2B0I%3D,1.0,100.0
392,AoIIPvTH83vYiMAB,1.0,100.0
393,AoIIPvSWA3Xmt7EB,1.0,100.0
394,AoIIPvQ/YHW3wM0B,1.0,100.0
395,AoIIPvPPT3fI4kY%3D,1.0,100.0
396,AoIIPvPPLXHd3eYB,1.0,100.0
397,AoIIPvPPLXnottoB,1.0,100.0
398,AoIIPvPPLX/lss8B,1.0,100.0
399,AoIIPvPPLXb3qckB,1.0,100.0
400,AoIIPvPPLXeBoMMB,1.0,100.0
401,AoIIPvPPLXnYp7wB,1.0,100.0
402,AoIIPvPPLX6jnbYB,1.0,100.0
403,AoIIPvPPLXDrx7EB,1.0,100.0
404,AoIIPvPPLXWt9K4B,1.0,100.0
405,AoIIPvPPLXWt5akB,1.0,100.0
406,AoIIPvPPLXfkzKUB,1.0,100.0
407,AoIIPvPPLXfQsaAB,1.0,100.0
408,AoIIPvPPLX7F45oB,1.0,100.0
409,AoIIPvPPLXeAp5MB,1.0,100.0
410,AoIIPvPPLXX%2B%2B44B,1.0,100.0
411,AoIIPvPPLXSytYsB,1.0,100.0
412,AoIIPvPPLX2jmIMB,1.0,100.0
413,AoIIPvPPLXOanXc%3D,1.0,100.0
414,AoIIPvPPLXfe3Ws%3D,1.0,100.0
415,AoIIPvPPLXOGt2E%3D,1.0,100.0
416,AoIIPvPPLXCh5FA%3D,1.0,100.0
417,AoIIPvPPLXKf2zk%3D,1.0,100.0
418,AoIIPvPPLXHH5yE%3D,1.0,100.0
419,AoIIPvN9IHbd2lo%3D,1.0,100.0
420,AoIIPvMzM37K9Xk%3D,1.0,100.0
421,AoIIPvLrgXjYwW4%3D,1.0,100.0
422,AoIIPvLCN3KHq9EB,1.0,100.0
423,AoIIPvLCN3b//pAB,1.0,100.0
424,AoIIPvLCN3z08k4%3D,1.0,100.0
425,AoIIPvKmCXDr7boB,1.0,100.0
426,AoIIPvJKJ3fy0yM%3D,1.0,100.0
427,AoIIPvH/%2BHWjn08%3D,1.0,100.0
428,AoIIPvHjyXLxmXM%3D,1.0,100.0
429,AoIIPvGXHHm615QB,1.0,100.0
430,AoIIPvEov3GSvLoB,1.0,100.0
431,AoIIPvDw6XPS/okB,1.0,100.0
432,AoIIPvCJf3fyxIYB,1.0,100.0
433,AoIIPvA4GXPkqTw%3D,1.0,100.0
434,AoIIPvAAAH349yw%3D,1.0,100.0
435,AoIIPu%2BPR3KMi4oB,1.0,100.0
436,AoIIPu8iGH6Y9TY%3D,1.0,100.0
437,AoIIPu7DVHrytXE%3D,1.0,100.0
438,AoIIPu5G8XvZns4B,1.0,100.0
439,AoIIPu3mvHOElucB,1.0,100.0
440,AoIIPu1X3nqrwyw%3D,1.0,100.0
441,AoIIPuy3kXSj49MB,1.0,100.0
442,AoIIPuxOtXLm4j8%3D,1.0,100.0
443,AoIIPuutGXGCmpgB,1.0,100.0
444,AoIIPusxwnGjin8%3D,1.0,100.0
445,AoIIPuqQrHaIrVw%3D,1.0,100.0
446,AoIIPuoH9nLU7L4B,1.0,100.0
447,AoIIPumxdXnm/Dc%3D,1.0,100.0
448,AoIIPuk7XHvk81c%3D,1.0,100.0
449,AoIIPui6H3Kk3sIB,1.0,100.0
450,AoIIPui6H3iF/I0B,1.0,100.0
451,AoIIPui6H3zX4j0%3D,1.0,100.0
452,AoIIPuhEr3%2BUvKkB,1.0,100.0
453,AoIIPufFBX%2BXjK0B,1.0,100.0
454,AoIIPudl/nOEoIsB,1.0,100.0
455,AoIIPubNKXXLvC8%3D,1.0,100.0
456,AoIIPuYcvXeuzmI%3D,1.0,100.0
457,AoIIPuVhs3jGmsMB,1.0,100.0
458,AoIIPuSSWHiJ3awB,1.0,100.0
459,AoIIPuOzIH722aoB,1.0,100.0
460,AoIIPuMYuXKhhcQB,1.0,100.0
461,AoIIPuIjW3ORjYIB,1.0,100.0
462,AoIIPuD6332XqB8%3D,1.0,100.0
463,AoIIPt/TLHz0sIAB,1.0,100.0
464,AoIIPt7WVnCh4p0B,1.0,100.0
465,AoIIPt6b4X%2BTtzI%3D,1.0,100.0
466,AoIIPt27e3qD6U4%3D,1.0,100.0
467,AoIIPtyJ0nnm9KgB,1.0,100.0
468,AoIIPtspHHTI%2B7MB,1.0,100.0
469,AoIIPtn623PFo0o%3D,1.0,100.0
470,AoIIPtiNbXai5aoB,1.0,100.0
471,AoIIPtbdan%2B8ylY%3D,1.0,100.0
472,AoIIPtVVYX/riqwB,1.0,100.0
473,AoIIPtQMpnDGvcAB,1.0,100.0
474,AoIIPtIIW3bbxlw%3D,1.0,100.0
475,AoIIPtApjXKggaYB,1.0,100.0
476,AoIIPs3g1nL777sB,1.0,100.0
477,AoIIPswgDHXTt9AB,1.0,100.0
478,AoIIPspo9XzknpwB,1.0,100.0
479,AoIIPsc%2Bq3ru64kB,1.0,100.0
480,AoIIPsS/03XOkYgB,1.0,100.0
481,AoIIPsG1IH7dws4B,1.0,100.0
482,AoIIPr35vnCXv7wB,1.0,100.0
483,AoIIPrmMoHS9lYkB,1.0,100.0
484,AoIIPrQV9H31yoEB,1.0,100.0
485,AoIIPq3%2B2nGqkqcB,1.0,100.0
486,AoIIPqRTTHHc1r0B,1.0,100.0
487,AoIIPpN1AHHH4c4B,1.0,100.0
488,AoIIPUEX%2BHvTjtIB,1.0,100.0
489,AoIIAAAAAHKJrfUB,1.0,100.0
490,AoIIAAAAAHr0kfUB,1.0,100.0
491,AoIIAAAAAHLC6/QB,1.0,100.0
492,AoIIAAAAAHO8xvQB,1.0,100.0
493,AoIIAAAAAHrBoPQB,1.0,100.0
494,AoIIAAAAAHX4//MB,1.0,100.0
495,AoIIAAAAAHqn5fMB,1.0,100.0
496,AoIIAAAAAHCexvMB,1.0,100.0
497,AoIIAAAAAH/3nfMB,1.0,100.0
498,AoIIAAAAAH/8gPMB,1.0,100.0
499,AoIIAAAAAHne3vIB,1.0,100.0
500,AoIIAAAAAHHjuPIB,1.0,100.0
501,AoIIAAAAAH/ylvIB,1.0,100.0
502,AoIIAAAAAH/y9fEB,1.0,100.0
503,AoIIAAAAAHGe2PEB,1.0,100.0
504,AoIIAAAAAH70t/EB,1.0,100.0
505,AoIIAAAAAH7LjvEB,1.0,100.0
506,AoIIAAAAAH706vAB,1.0,100.0
507,AoIIAAAAAHXDyvAB,1.0,100.0
508,AoIIAAAAAHTFpfAB,1.0,100.0
509,AoIIAAAAAHHoifAB,1.0,100.0
510,AoIIAAAAAH2F5O8B,1.0,100.0
511,AoIIAAAAAHG1xe8B,1.0,100.0
512,AoIIAAAAAH7Pne8B,1.0,100.0
513,AoIIAAAAAHX15e4B,1.0,100.0
514,AoIIAAAAAH6vw%2B4B,1.0,100.0
515,AoIIAAAAAHTGmO4B,1.0,100.0
516,AoIIAAAAAHvd8%2B0B,1.0,100.0
517,AoIIAAAAAHi00u0B,1.0,100.0
518,AoIIAAAAAHfzuO0B,1.0,100.0
519,AoIIAAAAAHLWmO0B,1.0,100.0
520,AoIIAAAAAHC3/OwB,1.0,100.0
521,AoIIAAAAAHu94ewB,1.0,100.0
522,AoIIAAAAAHGsxewB,1.0,100.0
523,AoIIAAAAAH%2BarewB,1.0,100.0
524,AoIIAAAAAHaTlewB,1.0,100.0
525,AoIIAAAAAHHb/esB,1.0,100.0
526,AoIIAAAAAHeh4usB,1.0,100.0
527,AoIIAAAAAHD4yusB,1.0,100.0
528,AoIIAAAAAHy6qOsB,1.0,100.0
529,AoIIAAAAAHPwjusB,1.0,100.0
530,AoIIAAAAAHKw9OoB,1.0,100.0
531,AoIIAAAAAHrK0eoB,1.0,100.0
532,AoIIAAAAAHC9suoB,1.0,100.0
533,AoIIAAAAAH/UlOoB,1.0,100.0
534,AoIIAAAAAHLj8ekB,1.0,100.0
535,AoIIAAAAAHuW0ukB,1.0,100.0
536,AoIIAAAAAHTStukB,1.0,100.0
537,AoIIAAAAAHGDl%2BkB,1.0,100.0
538,AoIIAAAAAHfR/egB,1.0,100.0
539,AoIIAAAAAHeI5OgB,1.0,100.0
540,AoIIAAAAAH//yegB,1.0,100.0
541,AoIIAAAAAHLWs%2BgB,1.0,100.0
542,AoIIAAAAAHD3nOgB,1.0,100.0
543,AoIIAAAAAHSb/ecB,1.0,100.0
544,AoIIAAAAAH7T6OcB,1.0,100.0
545,AoIIAAAAAHnFzucB,1.0,100.0
546,AoIIAAAAAH7PuucB,1.0,100.0
547,AoIIAAAAAHOco%2BcB,1.0,100.0
548,AoIIAAAAAH%2BXjOcB,1.0,100.0
549,AoIIAAAAAH79%2BOYB,1.0,100.0
550,AoIIAAAAAHeQ4uYB,1.0,100.0
551,AoIIAAAAAH2Z1OYB,1.0,100.0
552,AoIIAAAAAHfmvuYB,1.0,100.0
553,AoIIAAAAAHHWq%2BYB,1.0,100.0
554,AoIIAAAAAHLgnOYB,1.0,100.0
555,AoIIAAAAAHDLguYB,1.0,100.0
556,AoIIAAAAAHuy8uUB,1.0,100.0
557,AoIIAAAAAHyn2eUB,1.0,100.0
558,AoIIAAAAAHGxyOUB,1.0,100.0
559,AoIIAAAAAHest%2BUB,1.0,100.0
560,AoIIAAAAAHv9qeUB,1.0,100.0
561,AoIIAAAAAH2lnuUB,1.0,100.0
562,AoIIAAAAAHKkkOUB,1.0,100.0
563,AoIIAAAAAHLShOUB,1.0,100.0
564,AoIIAAAAAHXo9OQB,1.0,100.0
565,AoIIAAAAAHC24%2BQB,1.0,100.0
566,AoIIAAAAAH2D0%2BQB,1.0,100.0
567,AoIIAAAAAHaYxeQB,1.0,100.0
568,AoIIAAAAAHGQtOQB,1.0,100.0
569,AoIIAAAAAHaoquQB,1.0,100.0
570,AoIIAAAAAHymmeQB,1.0,100.0
571,AoIIAAAAAHvujeQB,1.0,100.0
572,AoIIAAAAAHKbguQB,1.0,100.0
573,AoIIAAAAAHa39OMB,1.0,100.0
574,AoIIAAAAAHGM4uMB,1.0,100.0
575,AoIIAAAAAHCJyuMB,1.0,100.0
576,AoIIAAAAAHDgt%2BMB,1.0,100.0
577,AoIIAAAAAHH7oOMB,1.0,100.0
578,AoIIAAAAAHXwiOMB,1.0,100.0
579,AoIIAAAAAH7v8eIB,1.0,100.0
580,AoIIAAAAAHL%2B3eIB,1.0,100.0
581,AoIIAAAAAHDDxOIB,1.0,100.0
582,AoIIAAAAAH/ZseIB,1.0,100.0
583,AoIIAAAAAH%2BJm%2BIB,1.0,100.0
584,AoIIAAAAAHf7guIB,1.0,100.0
585,AoIIAAAAAHKM6eEB,1.0,100.0
586,AoIIAAAAAHXU0uEB,1.0,100.0
587,AoIIAAAAAHWEvuEB,1.0,100.0
588,AoIIAAAAAHOztOEB,1.0,100.0
589,AoIIAAAAAHKGp%2BEB,1.0,100.0
590,AoIIAAAAAHbRmOEB,1.0,100.0
591,AoIIAAAAAHf2guEB,1.0,100.0
592,AoIIAAAAAHGw9OAB,1.0,100.0
593,AoIIAAAAAHHL4uAB,1.0,100.0
594,AoIIAAAAAHfX0eAB,1.0,100.0
595,AoIIAAAAAH7Zv%2BAB,1.0,100.0
596,AoIIAAAAAHi0suAB,1.0,100.0
597,AoIIAAAAAHqwouAB,1.0,100.0
598,AoIIAAAAAHSSk%2BAB,1.0,100.0
599,AoIIAAAAAHyzgeAB,1.0,100.0
600,AoIIAAAAAHbK7t8B,1.0,100.0
601,AoIIAAAAAHL84t8B,1.0,100.0
602,AoIIAAAAAHC41d8B,1.0,100.0
603,AoIIAAAAAHbXxd8B,1.0,100.0
604,AoIIAAAAAHeRud8B,1.0,100.0
605,AoIIAAAAAHzkqd8B,1.0,100.0
606,AoIIAAAAAH3and8B,1.0,100.0
607,AoIIAAAAAHGKlt8B,1.0,100.0
608,AoIIAAAAAHecjN8B,1.0,100.0
609,AoIIAAAAAHLygt8B,1.0,100.0
610,AoIIAAAAAH/l%2BN4B,1.0,100.0
611,AoIIAAAAAHmp794B,1.0,100.0
612,AoIIAAAAAHzy2d4B,1.0,100.0
613,AoIIAAAAAHvMyd4B,1.0,100.0
614,AoIIAAAAAHaKvN4B,1.0,100.0
615,AoIIAAAAAHDgq94B,1.0,100.0
616,AoIIAAAAAH2Qm94B,1.0,100.0
617,AoIIAAAAAHblid4B,1.0,100.0
618,AoIIAAAAAHGU8N0B,1.0,100.0
619,AoIIAAAAAHDm3d0B,1.0,100.0
620,AoIIAAAAAHmTy90B,1.0,100.0
621,AoIIAAAAAH3fvt0B,1.0,100.0
622,AoIIAAAAAHfjsN0B,1.0,100.0
623,AoIIAAAAAHPEo90B,1.0,100.0
624,AoIIAAAAAHCZlN0B,1.0,100.0
625,AoIIAAAAAHP7/9wB,1.0,100.0
626,AoIIAAAAAHTa6dwB,1.0,100.0
627,AoIIAAAAAH6w2dwB,1.0,100.0
628,AoIIAAAAAHKc0NwB,1.0,100.0
629,AoIIAAAAAHuEwNwB,1.0,100.0
630,AoIIAAAAAHPQsdwB,1.0,100.0
631,AoIIAAAAAH6OotwB,1.0,100.0
632,AoIIAAAAAHHLldwB,1.0,100.0
633,AoIIAAAAAHzAhtwB,1.0,100.0
634,AoIIAAAAAHz3/NsB,1.0,100.0
635,AoIIAAAAAH%2BJ7dsB,1.0,100.0
636,AoIIAAAAAHjE2NsB,1.0,100.0
637,AoIIAAAAAHPgxdsB,1.0,100.0
638,AoIIAAAAAHyErdsB,1.0,100.0
639,AoIIAAAAAHa6ktsB,1.0,100.0
640,AoIIAAAAAH7g/NoB,1.0,100.0
641,AoIIAAAAAHfQ69oB,1.0,100.0
642,AoIIAAAAAHSO1doB,1.0,100.0
643,AoIIAAAAAHPau9oB,1.0,100.0
644,AoIIAAAAAHjsqdoB,1.0,100.0
645,AoIIAAAAAHjRkdoB,1.0,100.0
646,AoIIAAAAAHno/dkB,1.0,100.0
647,AoIIAAAAAHbl7NkB,1.0,100.0
648,AoIIAAAAAHju29kB,1.0,100.0
649,AoIIAAAAAHygxtkB,1.0,100.0
650,AoIIAAAAAHycuNkB,1.0,100.0
651,AoIIAAAAAHGzpdkB,1.0,100.0
652,AoIIAAAAAHfeldkB,1.0,100.0
653,AoIIAAAAAHTCgNkB,1.0,100.0
654,AoIIAAAAAHvn8dgB,1.0,100.0
655,AoIIAAAAAHPV3NgB,1.0,100.0
656,AoIIAAAAAHqlzdgB,1.0,100.0
657,AoIIAAAAAHzYt9gB,1.0,100.0
658,AoIIAAAAAHW4r9gB,1.0,100.0
659,AoIIAAAAAHffndgB,1.0,100.0
660,AoIIAAAAAHGBktgB,1.0,100.0
661,AoIIAAAAAH/EgtgB,1.0,100.0
662,AoIIAAAAAHzD9NcB,1.0,100.0
663,AoIIAAAAAHvj6NcB,1.0,100.0
664,AoIIAAAAAH2G19cB,1.0,100.0
665,AoIIAAAAAHzbztcB,1.0,100.0
666,AoIIAAAAAHvrw9cB,1.0,100.0
667,AoIIAAAAAHbNsNcB,1.0,100.0
668,AoIIAAAAAHD4qNcB,1.0,100.0
669,AoIIAAAAAH7nndcB,1.0,100.0
670,AoIIAAAAAH3xkNcB,1.0,100.0
671,AoIIAAAAAHHjgtcB,1.0,100.0
672,AoIIAAAAAHmR9tYB,1.0,100.0
673,AoIIAAAAAHzD7dYB,1.0,100.0
674,AoIIAAAAAHrk4dYB,1.0,100.0
675,AoIIAAAAAHvn1NYB,1.0,100.0
676,AoIIAAAAAHn8w9YB,1.0,100.0
677,AoIIAAAAAHHquNYB,1.0,100.0
678,AoIIAAAAAHvBr9YB,1.0,100.0
679,AoIIAAAAAH/4pNYB,1.0,100.0
680,AoIIAAAAAHfil9YB,1.0,100.0
681,AoIIAAAAAHv0iNYB,1.0,100.0
682,AoIIAAAAAH3p/tUB,1.0,100.0
683,AoIIAAAAAHDd%2BdUB,1.0,100.0
684,AoIIAAAAAH3p89UB,1.0,100.0
685,AoIIAAAAAH/w79UB,1.0,100.0
686,AoIIAAAAAHnf6dUB,1.0,100.0
687,AoIIAAAAAHSr2tUB,1.0,100.0
688,AoIIAAAAAHXQzNUB,1.0,100.0
689,AoIIAAAAAH/jvdUB,1.0,100.0
690,AoIIAAAAAHPLtNUB,1.0,100.0
691,AoIIAAAAAHLIrdUB,1.0,100.0
692,AoIIAAAAAHyZptUB,1.0,100.0
693,AoIIAAAAAHiLj9UB,1.0,100.0
694,AoIIAAAAAHyU/tQB,1.0,100.0
695,AoIIAAAAAHak7NQB,1.0,100.0
696,AoIIAAAAAHDX3dQB,1.0,100.0
697,AoIIAAAAAHiCttQB,1.0,100.0
698,AoIIAAAAAHawhNQB,1.0,100.0
699,AoIIAAAAAH3%2B1tMB,1.0,100.0
700,AoIIAAAAAHrOq9MB,1.0,100.0
701,AoIIAAAAAHaT8dIB,1.0,100.0
702,AoIIAAAAAHe56dEB,1.0,100.0
703,AoIIAAAAAHHJxtEB,1.0,100.0
704,AoIIAAAAAHLlmtEB,1.0,100.0
705,AoIIAAAAAHjE59AB,1.0,100.0
706,AoIIAAAAAHm/u9AB,1.0,100.0
707,AoIIAAAAAHzdktAB,1.0,100.0
708,AoIIAAAAAHHe5c8B,1.0,100.0
709,AoIIAAAAAHfkwc8B,1.0,100.0
710,AoIIAAAAAH3MqM8B,1.0,100.0
711,AoIIAAAAAHmWjs8B,1.0,100.0
712,AoIIAAAAAHWm684B,1.0,100.0
713,AoIIAAAAAHCF1M4B,1.0,100.0
714,AoIIAAAAAHm9vM4B,1.0,100.0
715,AoIIAAAAAHaGpc4B,1.0,100.0
716,AoIIAAAAAH/TjM4B,1.0,100.0
717,AoIIAAAAAHm89s0B,1.0,100.0
718,AoIIAAAAAHSr4s0B,1.0,100.0
719,AoIIAAAAAHSy1c0B,1.0,100.0
720,AoIIAAAAAHXYy80B,1.0,100.0
721,AoIIAAAAAHvBwc0B,1.0,100.0
722,AoIIAAAAAH7fuM0B,1.0,100.0
723,AoIIAAAAAHOQq80B,1.0,100.0
724,AoIIAAAAAH/dmc0B,1.0,100.0
725,AoIIAAAAAHbGh80B,1.0,100.0
726,AoIIAAAAAHb6/MwB,1.0,100.0
727,AoIIAAAAAHCl8cwB,1.0,100.0
728,AoIIAAAAAHSZ48wB,1.0,100.0
729,AoIIAAAAAH7p0MwB,1.0,100.0
730,AoIIAAAAAHbHwMwB,1.0,100.0
731,AoIIAAAAAH62tMwB,1.0,100.0
732,AoIIAAAAAHvWqMwB,1.0,100.0
733,AoIIAAAAAHL0nMwB,1.0,100.0
734,AoIIAAAAAH3Tj8wB,1.0,100.0
735,AoIIAAAAAHqCgMwB,1.0,100.0
736,AoIIAAAAAH/V9ssB,1.0,100.0
737,AoIIAAAAAHi668sB,1.0,100.0
738,AoIIAAAAAH%2BQ38sB,1.0,100.0
739,AoIIAAAAAHaK0ssB,1.0,100.0
740,AoIIAAAAAHSfxMsB,1.0,100.0
741,AoIIAAAAAH6NtssB,1.0,100.0
742,AoIIAAAAAHCQqssB,1.0,100.0
743,AoIIAAAAAHjeoMsB,1.0,100.0
744,AoIIAAAAAHD7lssB,1.0,100.0
745,AoIIAAAAAHTKi8sB,1.0,100.0
746,AoIIAAAAAHj3/8oB,1.0,100.0
747,AoIIAAAAAHj59coB,1.0,100.0
748,AoIIAAAAAH/k6soB,1.0,100.0
749,AoIIAAAAAH6u38oB,1.0,100.0
750,AoIIAAAAAHf208oB,1.0,100.0
751,AoIIAAAAAH2xyMoB,1.0,100.0
752,AoIIAAAAAHHAvcoB,1.0,100.0
753,AoIIAAAAAHCwtcoB,1.0,100.0
754,AoIIAAAAAHzkrMoB,1.0,100.0
755,AoIIAAAAAHrCpMoB,1.0,100.0
756,AoIIAAAAAHLqmsoB,1.0,100.0
757,AoIIAAAAAHDUkcoB,1.0,100.0
758,AoIIAAAAAHikisoB,1.0,100.0
759,AoIIAAAAAHehgMoB,1.0,100.0
760,AoIIAAAAAH3k9ckB,1.0,100.0
761,AoIIAAAAAHuO68kB,1.0,100.0
762,AoIIAAAAAHiK48kB,1.0,100.0
763,AoIIAAAAAHzQ2ckB,1.0,100.0
764,AoIIAAAAAHer0ckB,1.0,100.0
765,AoIIAAAAAHGjyMkB,1.0,100.0
766,AoIIAAAAAHW4wMkB,1.0,100.0
767,AoIIAAAAAHj4tskB,1.0,100.0
768,AoIIAAAAAHC7rckB,1.0,100.0
769,AoIIAAAAAH6Oo8kB,1.0,100.0
770,AoIIAAAAAHu2mskB,1.0,100.0
771,AoIIAAAAAHj/k8kB,1.0,100.0
772,AoIIAAAAAHqujckB,1.0,100.0
773,AoIIAAAAAHv5hskB,1.0,100.0
774,AoIIAAAAAHHP/8gB,1.0,100.0
775,AoIIAAAAAHWq%2BMgB,1.0,100.0
776,AoIIAAAAAHCG8cgB,1.0,100.0
777,AoIIAAAAAHGW6sgB,1.0,100.0
778,AoIIAAAAAHy84cgB,1.0,100.0
779,AoIIAAAAAHip2sgB,1.0,100.0
780,AoIIAAAAAHaF0cgB,1.0,100.0
781,AoIIAAAAAHTvx8gB,1.0,100.0
782,AoIIAAAAAHSSwsgB,1.0,100.0
783,AoIIAAAAAHjiusgB,1.0,100.0
784,AoIIAAAAAHOTtMgB,1.0,100.0
785,AoIIAAAAAHDSrMgB,1.0,100.0
786,AoIIAAAAAHjJn8gB,1.0,100.0
787,AoIIAAAAAHSBk8gB,1.0,100.0
788,AoIIAAAAAHn9g8gB,1.0,100.0
789,AoIIAAAAAHqW88cB,1.0,100.0
790,AoIIAAAAAHbY4scB,1.0,100.0
791,AoIIAAAAAHHE08cB,1.0,100.0
792,AoIIAAAAAHHfxscB,1.0,100.0
793,AoIIAAAAAHehuccB,1.0,100.0
794,AoIIAAAAAH7JrscB,1.0,100.0
795,AoIIAAAAAHeZpMcB,1.0,100.0
796,AoIIAAAAAHLJl8cB,1.0,100.0
797,AoIIAAAAAHmojMcB,1.0,100.0
798,AoIIAAAAAH2UgccB,1.0,100.0
799,AoIIAAAAAHCg9cYB,1.0,100.0
800,AoIIAAAAAH/15cYB,1.0,100.0
801,AoIIAAAAAHmW2sYB,1.0,100.0
802,AoIIAAAAAHL5ycYB,1.0,100.0
803,AoIIAAAAAHfyusYB,1.0,100.0
804,AoIIAAAAAHSAq8YB,1.0,100.0
805,AoIIAAAAAHvdm8YB,1.0,100.0
806,AoIIAAAAAHDkjMYB,1.0,100.0
807,AoIIAAAAAH6F%2BsUB,1.0,100.0
808,AoIIAAAAAHSV6MUB,1.0,100.0
809,AoIIAAAAAHXx18UB,1.0,100.0
810,AoIIAAAAAHzIw8UB,1.0,100.0
811,AoIIAAAAAHrns8UB,1.0,100.0
812,AoIIAAAAAHS3osUB,1.0,100.0
813,AoIIAAAAAHT7k8UB,1.0,100.0
814,AoIIAAAAAHnVh8UB,1.0,100.0
815,AoIIAAAAAH2Z/MQB,1.0,100.0
816,AoIIAAAAAHrq8MQB,1.0,100.0
817,AoIIAAAAAHnU5cQB,1.0,100.0
818,AoIIAAAAAHmt2cQB,1.0,100.0
819,AoIIAAAAAH6hv8QB,1.0,100.0
820,AoIIAAAAAH7HlsQB,1.0,100.0
821,AoIIAAAAAHK72MMB,1.0,100.0
822,AoIIAAAAAHyBrcMB,1.0,100.0
823,AoIIAAAAAHj%2Bg8MB,1.0,100.0
824,AoIIAAAAAHf32cIB,1.0,100.0
825,AoIIAAAAAHm7rcIB,1.0,100.0
826,AoIIAAAAAHGyhsIB,1.0,100.0
827,AoIIAAAAAHnm2MEB,1.0,100.0
828,AoIIAAAAAHDbs8EB,1.0,100.0
829,AoIIAAAAAHeFh8EB,1.0,100.0
830,AoIIAAAAAHOy2sAB,1.0,100.0
831,AoIIAAAAAHywpcAB,1.0,100.0
832,AoIIAAAAAH7F7r8B,1.0,100.0
833,AoIIAAAAAHLVy78B,1.0,100.0
834,AoIIAAAAAHDgpL8B,1.0,100.0
835,AoIIAAAAAH%2Bkib8B,1.0,100.0
836,AoIIAAAAAH6B474B,1.0,100.0
837,AoIIAAAAAHX3v74B,1.0,100.0
838,AoIIAAAAAHHim74B,1.0,100.0
839,AoIIAAAAAHfc6r0B,1.0,100.0
840,AoIIAAAAAHqnwL0B,1.0,100.0
841,AoIIAAAAAHicmb0B,1.0,100.0
842,AoIIAAAAAHHD7bwB,1.0,100.0
843,AoIIAAAAAHeXvbwB,1.0,100.0
844,AoIIAAAAAHOHjLwB,1.0,100.0
845,AoIIAAAAAHig4bsB,1.0,100.0
846,AoIIAAAAAH2Lr7sB,1.0,100.0
847,AoIIAAAAAHjg8roB,1.0,100.0
848,AoIIAAAAAHGyw7oB,1.0,100.0
849,AoIIAAAAAHPblboB,1.0,100.0
850,AoIIAAAAAHu27bkB,1.0,100.0
851,AoIIAAAAAHrIyrkB,1.0,100.0
852,AoIIAAAAAHLsobkB,1.0,100.0
853,AoIIAAAAAH%2By%2BbgB,1.0,100.0
854,AoIIAAAAAHuH1bgB,1.0,100.0
855,AoIIAAAAAHycsLgB,1.0,100.0
856,AoIIAAAAAHb6h7gB,1.0,100.0
857,AoIIAAAAAHDl5rcB,1.0,100.0
858,AoIIAAAAAH6BzLcB,1.0,100.0
859,AoIIAAAAAHGuqbcB,1.0,100.0
860,AoIIAAAAAHytj7cB,1.0,100.0
861,AoIIAAAAAHrL7bYB,1.0,100.0
862,AoIIAAAAAHKmy7YB,1.0,100.0
863,AoIIAAAAAHbFqbYB,1.0,100.0
864,AoIIAAAAAH/fgLYB,1.0,100.0
865,AoIIAAAAAHDU4bUB,1.0,100.0
866,AoIIAAAAAHfuwbUB,1.0,100.0
867,AoIIAAAAAHi1o7UB,1.0,100.0
868,AoIIAAAAAHet97QB,1.0,100.0
869,AoIIAAAAAHe2vrQB,1.0,100.0
870,AoIIAAAAAH%2Bwo7QB,1.0,100.0
871,AoIIAAAAAHvUg7QB,1.0,100.0
872,AoIIAAAAAH%2BG67MB,1.0,100.0
873,AoIIAAAAAH774LMB,1.0,100.0
874,AoIIAAAAAHPW2LMB,1.0,100.0
875,AoIIAAAAAHq407MB,1.0,100.0
876,AoIIAAAAAH3QzbMB,1.0,100.0
877,AoIIAAAAAHG6xrMB,1.0,100.0
878,AoIIAAAAAH61v7MB,1.0,100.0
879,AoIIAAAAAHO9trMB,1.0,100.0
880,AoIIAAAAAHeJrrMB,1.0,100.0
881,AoIIAAAAAH/iprMB,1.0,100.0
882,AoIIAAAAAHbBobMB,1.0,100.0
883,AoIIAAAAAHbemrMB,1.0,100.0
884,AoIIAAAAAH6flLMB,1.0,100.0
885,AoIIAAAAAHDvi7MB,1.0,100.0
886,AoIIAAAAAHujgrMB,1.0,100.0
887,AoIIAAAAAH7Y9rIB,1.0,100.0
888,AoIIAAAAAH7A7bIB,1.0,100.0
889,AoIIAAAAAHHc5bIB,1.0,100.0
890,AoIIAAAAAHHZ37IB,1.0,100.0
891,AoIIAAAAAHS92bIB,1.0,100.0
892,AoIIAAAAAHrM0rIB,1.0,100.0
893,AoIIAAAAAH75yrIB,1.0,100.0
894,AoIIAAAAAHPUwrIB,1.0,100.0
895,AoIIAAAAAHvCubIB,1.0,100.0
896,AoIIAAAAAHvHsbIB,1.0,100.0
897,AoIIAAAAAHWgq7IB,1.0,100.0
898,AoIIAAAAAHfToLIB,1.0,100.0
899,AoIIAAAAAHzTmLIB,1.0,100.0
900,AoIIAAAAAHD5k7IB,1.0,100.0
901,AoIIAAAAAH7Rj7IB,1.0,100.0
902,AoIIAAAAAHHPirIB,1.0,100.0
903,AoIIAAAAAHDshLIB,1.0,100.0
904,AoIIAAAAAHSggLIB,1.0,100.0
905,AoIIAAAAAH6u%2BbEB,1.0,100.0
906,AoIIAAAAAHvI87EB,1.0,100.0
907,AoIIAAAAAHPS67EB,1.0,100.0
908,AoIIAAAAAHmw47EB,1.0,100.0
909,AoIIAAAAAHSJ3LEB,1.0,100.0
910,AoIIAAAAAHn707EB,1.0,100.0
911,AoIIAAAAAH%2BEzLEB,1.0,100.0
912,AoIIAAAAAHyDxbEB,1.0,100.0
913,AoIIAAAAAHePv7EB,1.0,100.0
914,AoIIAAAAAHuUubEB,1.0,100.0
915,AoIIAAAAAHGJtLEB,1.0,100.0
916,AoIIAAAAAHH%2BrrEB,1.0,100.0
917,AoIIAAAAAHfKqrEB,1.0,100.0
918,AoIIAAAAAHC9pbEB,1.0,100.0
919,AoIIAAAAAHOtoLEB,1.0,100.0
920,AoIIAAAAAHGKm7EB,1.0,100.0
921,AoIIAAAAAHXmlLEB,1.0,100.0
922,AoIIAAAAAH%2B8jrEB,1.0,100.0
923,AoIIAAAAAHH2h7EB,1.0,100.0
924,AoIIAAAAAHnQgbEB,1.0,100.0
925,AoIIAAAAAHur%2B7AB,1.0,100.0
926,AoIIAAAAAHHq87AB,1.0,100.0
927,AoIIAAAAAHbg7rAB,1.0,100.0
928,AoIIAAAAAHj757AB,1.0,100.0
929,AoIIAAAAAHTK4bAB,1.0,100.0
930,AoIIAAAAAHKF3LAB,1.0,100.0
931,AoIIAAAAAHbe1LAB,1.0,100.0
932,AoIIAAAAAHqqzrAB,1.0,100.0
933,AoIIAAAAAHLHxrAB,1.0,100.0
934,AoIIAAAAAH/Pv7AB,1.0,100.0
935,AoIIAAAAAHPxuLAB,1.0,100.0
936,AoIIAAAAAHywsrAB,1.0,100.0
937,AoIIAAAAAHzZq7AB,1.0,100.0
938,AoIIAAAAAHOjpbAB,1.0,100.0
939,AoIIAAAAAHa1oLAB,1.0,100.0
940,AoIIAAAAAHDjm7AB,1.0,100.0
941,AoIIAAAAAH3ulrAB,1.0,100.0
942,AoIIAAAAAH6wkrAB,1.0,100.0
943,AoIIAAAAAH7qjbAB,1.0,100.0
944,AoIIAAAAAHX/iLAB,1.0,100.0
945,AoIIAAAAAHPtg7AB,1.0,100.0
946,AoIIAAAAAHXN/68B,1.0,100.0
947,AoIIAAAAAH7e%2Bq8B,1.0,100.0
948,AoIIAAAAAHOt9q8B,1.0,100.0
949,AoIIAAAAAHa78a8B,1.0,100.0
950,AoIIAAAAAH%2Bz7K8B,1.0,100.0
951,AoIIAAAAAHHw6K8B,1.0,100.0
952,AoIIAAAAAHCY5K8B,1.0,100.0
953,AoIIAAAAAHjR368B,1.0,100.0
954,AoIIAAAAAHvM268B,1.0,100.0
955,AoIIAAAAAHrR1q8B,1.0,100.0
956,AoIIAAAAAHvD0q8B,1.0,100.0
957,AoIIAAAAAHvFza8B,1.0,100.0
958,AoIIAAAAAHqOyK8B,1.0,100.0
959,AoIIAAAAAHinw68B,1.0,100.0
960,AoIIAAAAAH7Qvq8B,1.0,100.0
961,AoIIAAAAAH78uK8B,1.0,100.0
962,AoIIAAAAAHbQsq8B,1.0,100.0
963,AoIIAAAAAHXKrK8B,1.0,100.0
964,AoIIAAAAAHiUpa8B,1.0,100.0
965,AoIIAAAAAHDunK8B,1.0,100.0
966,AoIIAAAAAHafhq8B,1.0,100.0
967,AoIIAAAAAH7W7K4B,1.0,100.0
968,AoIIAAAAAHSY1a4B,1.0,100.0
969,AoIIAAAAAH3Rw64B,1.0,100.0
970,AoIIAAAAAHmYsq4B,1.0,100.0
971,AoIIAAAAAHG2gK4B,1.0,100.0
972,AoIIAAAAAH6s0K0B,1.0,100.0
973,AoIIAAAAAHCprK0B,1.0,100.0
974,AoIIAAAAAHCXhK0B,1.0,100.0
975,AoIIAAAAAHWH4qwB,1.0,100.0
976,AoIIAAAAAHvXxqwB,1.0,100.0
977,AoIIAAAAAHKIoKwB,1.0,100.0
978,AoIIAAAAAH2z%2BqsB,1.0,100.0
979,AoIIAAAAAHyi06sB,1.0,100.0
980,AoIIAAAAAH2kp6sB,1.0,100.0
981,AoIIAAAAAHvS%2BqoB,1.0,100.0
982,AoIIAAAAAHXE16oB,1.0,100.0
983,AoIIAAAAAHC0uqoB,1.0,100.0
984,AoIIAAAAAHGrnKoB,1.0,100.0
985,AoIIAAAAAHTk9akB,1.0,100.0
986,AoIIAAAAAHH716kB,1.0,100.0
987,AoIIAAAAAH2OvKkB,1.0,100.0
988,AoIIAAAAAH7SnqkB,1.0,100.0
989,AoIIAAAAAHD6/qgB,1.0,100.0
990,AoIIAAAAAH383KgB,1.0,100.0
991,AoIIAAAAAHmjuKgB,1.0,100.0
992,AoIIAAAAAHb4mqgB,1.0,100.0
993,AoIIAAAAAHfq%2B6cB,1.0,100.0
994,AoIIAAAAAH7h56cB,1.0,100.0
995,AoIIAAAAAHSv1acB,1.0,100.0
996,AoIIAAAAAHzqxKcB,1.0,100.0
997,AoIIAAAAAH/RqacB,1.0,100.0
998,AoIIAAAAAHv0k6cB,1.0,100.0
999,AoIIAAAAAHW0%2B6YB,1.0,100.0
1000,AoIIAAAAAH/B6KYB,1.0,100.0
1001,AoIIAAAAAHnW1qYB,1.0,100.0
1002,AoIIAAAAAHiWyKYB,1.0,100.0
1003,AoIIAAAAAHyptqYB,1.0,100.0
1004,AoIIAAAAAH64pqYB,1.0,100.0
1005,AoIIAAAAAHq6k6YB,1.0,100.0
1006,AoIIAAAAAHr2/6UB,1.0,100.0
1007,AoIIAAAAAHyy76UB,1.0,100.0
1008,AoIIAAAAAHT836UB,1.0,100.0
1009,AoIIAAAAAHvgy6UB,1.0,100.0
1010,AoIIAAAAAH62tKUB,1.0,100.0
1011,AoIIAAAAAHTqk6UB,1.0,100.0
1012,AoIIAAAAAHP/6aQB,1.0,100.0
1013,AoIIAAAAAHjDwqQB,1.0,100.0
1014,AoIIAAAAAHfSoKQB,1.0,100.0
1015,AoIIAAAAAH%2Bf8qMB,1.0,100.0
1016,AoIIAAAAAH/V0aMB,1.0,100.0
1017,AoIIAAAAAHfzs6MB,1.0,100.0
1018,AoIIAAAAAHf3lqMB,1.0,100.0
1019,AoIIAAAAAH7C/6IB,1.0,100.0
1020,AoIIAAAAAHu04aIB,1.0,100.0
1021,AoIIAAAAAHn9t6IB,1.0,100.0
1022,AoIIAAAAAHLUj6IB,1.0,100.0
1023,AoIIAAAAAH755qEB,1.0,100.0
1024,AoIIAAAAAHjWuaEB,1.0,100.0
1025,AoIIAAAAAHHkj6EB,1.0,100.0
1026,AoIIAAAAAHTN7aAB,1.0,100.0
1027,AoIIAAAAAHXBvqAB,1.0,100.0
1028,AoIIAAAAAHqUmqAB,1.0,100.0
1029,AoIIAAAAAH/e8Z8B,1.0,100.0
1030,AoIIAAAAAH%2BlxJ8B,1.0,100.0
1031,AoIIAAAAAH7Hn58B,1.0,100.0
1032,AoIIAAAAAH7g7p4B,1.0,100.0
1033,AoIIAAAAAHzxzZ4B,1.0,100.0
1034,AoIIAAAAAH3sqJ4B,1.0,100.0
1035,AoIIAAAAAH2Xg54B,1.0,100.0
1036,AoIIAAAAAHjE350B,1.0,100.0
1037,AoIIAAAAAH6Xup0B,1.0,100.0
1038,AoIIAAAAAH2RmJ0B,1.0,100.0
1039,AoIIAAAAAHXe/ZwB,1.0,100.0
1040,AoIIAAAAAHv435wB,1.0,100.0
1041,AoIIAAAAAHj2wpwB,1.0,100.0
1042,AoIIAAAAAHTloJwB,1.0,100.0
1043,AoIIAAAAAHbEh5wB,1.0,100.0
1044,AoIIAAAAAHGx5ZsB,1.0,100.0
1045,AoIIAAAAAHSRtpsB,1.0,100.0
1046,AoIIAAAAAHj4/ZoB,1.0,100.0
1047,AoIIAAAAAHq8yJoB,1.0,100.0
1048,AoIIAAAAAHqYnJoB,1.0,100.0
1049,AoIIAAAAAHGV65kB,1.0,100.0
1050,AoIIAAAAAHmHvpkB,1.0,100.0
1051,AoIIAAAAAHaQjJkB,1.0,100.0
1052,AoIIAAAAAHD0y5gB,1.0,100.0
1053,AoIIAAAAAHPHmpgB,1.0,100.0
1054,AoIIAAAAAHO38pcB,1.0,100.0
1055,AoIIAAAAAHquwJcB,1.0,100.0
1056,AoIIAAAAAH3NnZcB,1.0,100.0
1057,AoIIAAAAAHHl7pYB,1.0,100.0
1058,AoIIAAAAAHCKv5YB,1.0,100.0
1059,AoIIAAAAAHbJl5YB,1.0,100.0
1060,AoIIAAAAAHyj6ZUB,1.0,100.0
1061,AoIIAAAAAHWkxJUB,1.0,100.0
1062,AoIIAAAAAHaQmpUB,1.0,100.0
1063,AoIIAAAAAHTP9pQB,1.0,100.0
1064,AoIIAAAAAHy2zpQB,1.0,100.0
1065,AoIIAAAAAH/DnpQB,1.0,100.0
1066,AoIIAAAAAH/e/JMB,1.0,100.0
1067,AoIIAAAAAHTW2ZMB,1.0,100.0
1068,AoIIAAAAAHjBtZMB,1.0,100.0
1069,AoIIAAAAAHT6n5MB,1.0,100.0
1070,AoIIAAAAAHfP%2BpIB,1.0,100.0
1071,AoIIAAAAAHPw1ZIB,1.0,100.0
1072,AoIIAAAAAHOeq5IB,1.0,100.0
1073,AoIIAAAAAHXs/5EB,1.0,100.0
1074,AoIIAAAAAHC435EB,1.0,100.0
1075,AoIIAAAAAHa3v5EB,1.0,100.0
1076,AoIIAAAAAH2vn5EB,1.0,100.0
1077,AoIIAAAAAH2LgZEB,1.0,100.0
1078,AoIIAAAAAHP15pAB,1.0,100.0
1079,AoIIAAAAAHC61JAB,1.0,100.0
1080,AoIIAAAAAHbQz5AB,1.0,100.0
1081,AoIIAAAAAH%2BPxJAB,1.0,100.0
1082,AoIIAAAAAHOCtJAB,1.0,100.0
1083,AoIIAAAAAHLrqJAB,1.0,100.0
1084,AoIIAAAAAH6tnpAB,1.0,100.0
1085,AoIIAAAAAHn7ipAB,1.0,100.0
1086,AoIIAAAAAHz7/Y8B,1.0,100.0
1087,AoIIAAAAAHTv8o8B,1.0,100.0
1088,AoIIAAAAAHWD5I8B,1.0,100.0
1089,AoIIAAAAAHSP048B,1.0,100.0
1090,AoIIAAAAAHy6w48B,1.0,100.0
1091,AoIIAAAAAHTJuI8B,1.0,100.0
1092,AoIIAAAAAHbSro8B,1.0,100.0
1093,AoIIAAAAAHugoY8B,1.0,100.0
1094,AoIIAAAAAHDCkY8B,1.0,100.0
1095,AoIIAAAAAHfogY8B,1.0,100.0
1096,AoIIAAAAAHaA9I4B,1.0,100.0
1097,AoIIAAAAAHGG6o4B,1.0,100.0
1098,AoIIAAAAAHGQ3o4B,1.0,100.0
1099,AoIIAAAAAHPezo4B,1.0,100.0
1100,AoIIAAAAAHKqwo4B,1.0,100.0
1101,AoIIAAAAAHKHsY4B,1.0,100.0
1102,AoIIAAAAAH7Ooo4B,1.0,100.0
1103,AoIIAAAAAHLzlo4B,1.0,100.0
1104,AoIIAAAAAHPLjY4B,1.0,100.0
1105,AoIIAAAAAHKQhY4B,1.0,100.0
1106,AoIIAAAAAHam%2BY0B,1.0,100.0
1107,AoIIAAAAAHD3740B,1.0,100.0
1108,AoIIAAAAAH%2Bi5I0B,1.0,100.0
1109,AoIIAAAAAHDe1o0B,1.0,100.0
1110,AoIIAAAAAHPZyo0B,1.0,100.0
1111,AoIIAAAAAHm8vI0B,1.0,100.0
1112,AoIIAAAAAHLFrY0B,1.0,100.0
1113,AoIIAAAAAHmyno0B,1.0,100.0
1114,AoIIAAAAAHu2kY0B,1.0,100.0
1115,AoIIAAAAAHaAhY0B,1.0,100.0
1116,AoIIAAAAAHOy%2BowB,1.0,100.0
1117,AoIIAAAAAHuM7owB,1.0,100.0
1118,AoIIAAAAAHux5YwB,1.0,100.0
1119,AoIIAAAAAHGa3YwB,1.0,100.0
1120,AoIIAAAAAHrM1IwB,1.0,100.0
1121,AoIIAAAAAHy/zIwB,1.0,100.0
1122,AoIIAAAAAHelxYwB,1.0,100.0
1123,AoIIAAAAAH2CvIwB,1.0,100.0
1124,AoIIAAAAAH6MsIwB,1.0,100.0
1125,AoIIAAAAAHrZpIwB,1.0,100.0
1126,AoIIAAAAAHj5lowB,1.0,100.0
1127,AoIIAAAAAHOniYwB,1.0,100.0
1128,AoIIAAAAAHLF8YsB,1.0,100.0
1129,AoIIAAAAAH6HzIsB,1.0,100.0
1130,AoIIAAAAAHClrIsB,1.0,100.0
1131,AoIIAAAAAHSBkIsB,1.0,100.0
1132,AoIIAAAAAHvt6IoB,1.0,100.0
1133,AoIIAAAAAHbUyooB,1.0,100.0
1134,AoIIAAAAAHGRqIoB,1.0,100.0
1135,AoIIAAAAAHWphIoB,1.0,100.0
1136,AoIIAAAAAHzB54kB,1.0,100.0
1137,AoIIAAAAAHiIyYkB,1.0,100.0
1138,AoIIAAAAAHKzpokB,1.0,100.0
1139,AoIIAAAAAHCMh4kB,1.0,100.0
1140,AoIIAAAAAHPT6IgB,1.0,100.0
1141,AoIIAAAAAH61zIgB,1.0,100.0
1142,AoIIAAAAAHWouIgB,1.0,100.0
1143,AoIIAAAAAHP%2BqogB,1.0,100.0
1144,AoIIAAAAAHaVpIgB,1.0,100.0
1145,AoIIAAAAAHnajogB,1.0,100.0
1146,AoIIAAAAAH/w4ocB,1.0,100.0
1147,AoIIAAAAAHCluYcB,1.0,100.0
1148,AoIIAAAAAHbC%2BIYB,1.0,100.0
1149,AoIIAAAAAHCEvoYB,1.0,100.0
1150,AoIIAAAAAH7jlYYB,1.0,100.0
1151,AoIIAAAAAHTN7YUB,1.0,100.0
1152,AoIIAAAAAHG6z4UB,1.0,100.0
1153,AoIIAAAAAH37pIUB,1.0,100.0
1154,AoIIAAAAAH%2B47YQB,1.0,100.0
1155,AoIIAAAAAH3FwYQB,1.0,100.0
1156,AoIIAAAAAHq0mIQB,1.0,100.0
1157,AoIIAAAAAHaK7YMB,1.0,100.0
1158,AoIIAAAAAHf5woMB,1.0,100.0
1159,AoIIAAAAAHrEiYMB,1.0,100.0
1160,AoIIAAAAAHLZ3IIB,1.0,100.0
1161,AoIIAAAAAHbAsoIB,1.0,100.0
1162,AoIIAAAAAHzUh4IB,1.0,100.0
1163,AoIIAAAAAHqj5IEB,1.0,100.0
1164,AoIIAAAAAHG2toEB,1.0,100.0
1165,AoIIAAAAAHWSjYEB,1.0,100.0
1166,AoIIAAAAAHPL64AB,1.0,100.0
1167,AoIIAAAAAHaDw4AB,1.0,100.0
1168,AoIIAAAAAHmGnoAB,1.0,100.0
1169,AoIIAAAAAHzo%2BX8%3D,1.0,100.0
1170,AoIIAAAAAH7Jxn8%3D,1.0,100.0
1171,AoIIAAAAAH7ZlH8%3D,1.0,100.0
1172,AoIIAAAAAHfozH4%3D,1.0,100.0
1173,AoIIAAAAAHLVh34%3D,1.0,100.0
1174,AoIIAAAAAHfjxn0%3D,1.0,100.0
1175,AoIIAAAAAHfX9Xw%3D,1.0,100.0
1176,AoIIAAAAAHP2iXw%3D,1.0,100.0
1177,AoIIAAAAAHP7tns%3D,1.0,100.0
1178,AoIIAAAAAH%2Bx7Ho%3D,1.0,100.0
1179,AoIIAAAAAHyboHo%3D,1.0,100.0
1180,AoIIAAAAAHfH1Hk%3D,1.0,100.0
1181,AoIIAAAAAHnbo3k%3D,1.0,100.0
1182,AoIIAAAAAHS853g%3D,1.0,100.0
1183,AoIIAAAAAHbjoXg%3D,1.0,100.0
1184,AoIIAAAAAHvG4Xc%3D,1.0,100.0
1185,AoIIAAAAAHHBpXc%3D,1.0,100.0
1186,AoIIAAAAAHTV7nY%3D,1.0,100.0
1187,AoIIAAAAAH6QvnY%3D,1.0,100.0
1188,AoIIAAAAAHb8kXY%3D,1.0,100.0
1189,AoIIAAAAAHWg5HU%3D,1.0,100.0
1190,AoIIAAAAAH6KuXU%3D,1.0,100.0
1191,AoIIAAAAAHryjnU%3D,1.0,100.0
1192,AoIIAAAAAH231XQ%3D,1.0,100.0
1193,AoIIAAAAAHGYlnQ%3D,1.0,100.0
1194,AoIIAAAAAHvfxHM%3D,1.0,100.0
1195,AoIIAAAAAHnM/HI%3D,1.0,100.0
1196,AoIIAAAAAHO0uHI%3D,1.0,100.0
1197,AoIIAAAAAHer93E%3D,1.0,100.0
1198,AoIIAAAAAHf0pXE%3D,1.0,100.0
1199,AoIIAAAAAHW36XA%3D,1.0,100.0
1200,AoIIAAAAAHD2tnA%3D,1.0,100.0
1201,AoIIAAAAAHeY428%3D,1.0,100.0
1202,AoIIAAAAAHadsG8%3D,1.0,100.0
1203,AoIIAAAAAH/M/G4%3D,1.0,100.0
1204,AoIIAAAAAHz/vW4%3D,1.0,100.0
1205,AoIIAAAAAHb/gW4%3D,1.0,100.0
1206,AoIIAAAAAHrWxG0%3D,1.0,100.0
1207,AoIIAAAAAH68gW0%3D,1.0,100.0
1208,AoIIAAAAAHfj2Gw%3D,1.0,100.0
1209,AoIIAAAAAHGdqGw%3D,1.0,100.0
1210,AoIIAAAAAH%2BE%2BGs%3D,1.0,100.0
1211,AoIIAAAAAHOKyGs%3D,1.0,100.0
1212,AoIIAAAAAHaMpWs%3D,1.0,100.0
1213,AoIIAAAAAH%2Bs/Go%3D,1.0,100.0
1214,AoIIAAAAAHjJ6Go%3D,1.0,100.0
1215,AoIIAAAAAHvx0Wo%3D,1.0,100.0
1216,AoIIAAAAAHSdt2o%3D,1.0,100.0
1217,AoIIAAAAAHuLpWo%3D,1.0,100.0
1218,AoIIAAAAAHCIimo%3D,1.0,100.0
1219,AoIIAAAAAHub8Gk%3D,1.0,100.0
1220,AoIIAAAAAHO31mk%3D,1.0,100.0
1221,AoIIAAAAAHG6umk%3D,1.0,100.0
1222,AoIIAAAAAHPDpGk%3D,1.0,100.0
1223,AoIIAAAAAHLakmk%3D,1.0,100.0
1224,AoIIAAAAAHKq/Wg%3D,1.0,100.0
1225,AoIIAAAAAHOm4mg%3D,1.0,100.0
1226,AoIIAAAAAHXBymg%3D,1.0,100.0
1227,AoIIAAAAAHDNt2g%3D,1.0,100.0
1228,AoIIAAAAAH2PqGg%3D,1.0,100.0
1229,AoIIAAAAAHyklWg%3D,1.0,100.0
1230,AoIIAAAAAHC/%2B2c%3D,1.0,100.0
1231,AoIIAAAAAHWw42c%3D,1.0,100.0
1232,AoIIAAAAAHTPyWc%3D,1.0,100.0
1233,AoIIAAAAAH3psWc%3D,1.0,100.0
1234,AoIIAAAAAHjXoGc%3D,1.0,100.0
1235,AoIIAAAAAHKGkWc%3D,1.0,100.0
1236,AoIIAAAAAHDpgWc%3D,1.0,100.0
1237,AoIIAAAAAHDC8mY%3D,1.0,100.0
1238,AoIIAAAAAHOu4mY%3D,1.0,100.0
1239,AoIIAAAAAHT30mY%3D,1.0,100.0
1240,AoIIAAAAAHrvvmY%3D,1.0,100.0
1241,AoIIAAAAAHXjp2Y%3D,1.0,100.0
1242,AoIIAAAAAHiai2Y%3D,1.0,100.0
1243,AoIIAAAAAHqv6GU%3D,1.0,100.0
1244,AoIIAAAAAHOTq2U%3D,1.0,100.0
1245,AoIIAAAAAH6992Q%3D,1.0,100.0
1246,AoIIAAAAAHf8rGQ%3D,1.0,100.0
1247,AoIIAAAAAHGL9mM%3D,1.0,100.0
1248,AoIIAAAAAHPbxWM%3D,1.0,100.0
1249,AoIIAAAAAH2jiWM%3D,1.0,100.0
1250,AoIIAAAAAHW6y2I%3D,1.0,100.0
1251,AoIIAAAAAH22jGI%3D,1.0,100.0
1252,AoIIAAAAAHbHxmE%3D,1.0,100.0
1253,AoIIAAAAAH7CnWE%3D,1.0,100.0
1254,AoIIAAAAAH6E82A%3D,1.0,100.0
1255,AoIIAAAAAH/QymA%3D,1.0,100.0
1256,AoIIAAAAAHWMnGA%3D,1.0,100.0
1257,AoIIAAAAAHKa418%3D,1.0,100.0
1258,AoIIAAAAAHfqs18%3D,1.0,100.0
1259,AoIIAAAAAHvqiV8%3D,1.0,100.0
1260,AoIIAAAAAHiY0F4%3D,1.0,100.0
1261,AoIIAAAAAH3Do14%3D,1.0,100.0
1262,AoIIAAAAAHGv8F0%3D,1.0,100.0
1263,AoIIAAAAAHCaxl0%3D,1.0,100.0
1264,AoIIAAAAAHWXk10%3D,1.0,100.0
1265,AoIIAAAAAHP671w%3D,1.0,100.0
1266,AoIIAAAAAHa4xFw%3D,1.0,100.0
1267,AoIIAAAAAHfVjFw%3D,1.0,100.0
1268,AoIIAAAAAHK03Vs%3D,1.0,100.0
1269,AoIIAAAAAHO/o1s%3D,1.0,100.0
1270,AoIIAAAAAHaf91o%3D,1.0,100.0
1271,AoIIAAAAAHSvv1o%3D,1.0,100.0
1272,AoIIAAAAAHe1j1o%3D,1.0,100.0
1273,AoIIAAAAAHyD5Fk%3D,1.0,100.0
1274,AoIIAAAAAHmvulk%3D,1.0,100.0
1275,AoIIAAAAAHPRm1k%3D,1.0,100.0
1276,AoIIAAAAAHq28Fg%3D,1.0,100.0
1277,AoIIAAAAAHOvu1g%3D,1.0,100.0
1278,AoIIAAAAAHjsiVg%3D,1.0,100.0
1279,AoIIAAAAAHKr2Fc%3D,1.0,100.0
1280,AoIIAAAAAHmoqFc%3D,1.0,99.0
1281,AoIIAAAAAHub%2B1Y%3D,1.0,100.0
1282,AoIIAAAAAHH%2B2FY%3D,1.0,100.0
1283,AoIIAAAAAHT/rVY%3D,1.0,100.0
1284,AoIIAAAAAHjMjFY%3D,1.0,100.0
1285,AoIIAAAAAHnh2lU%3D,1.0,100.0
1286,AoIIAAAAAHfXrVU%3D,1.0,100.0
1287,AoIIAAAAAH2mgFU%3D,1.0,100.0
1288,AoIIAAAAAHeE3FQ%3D,1.0,100.0
1289,AoIIAAAAAHGetVQ%3D,1.0,100.0
1290,AoIIAAAAAHPPmlQ%3D,1.0,100.0
1291,AoIIAAAAAHbS/VM%3D,1.0,100.0
1292,AoIIAAAAAHuL31M%3D,1.0,100.0
1293,AoIIAAAAAHLbvFM%3D,1.0,100.0
1294,AoIIAAAAAH%2Ben1M%3D,1.0,100.0
1295,AoIIAAAAAHLC71I%3D,1.0,100.0
1296,AoIIAAAAAHXD1lI%3D,1.0,100.0
1297,AoIIAAAAAHjMwFI%3D,1.0,100.0
1298,AoIIAAAAAHmamFI%3D,1.0,100.0
1299,AoIIAAAAAHzu%2BFE%3D,1.0,100.0
1300,AoIIAAAAAHSoz1E%3D,1.0,100.0
1301,AoIIAAAAAHr3sFE%3D,1.0,100.0
1302,AoIIAAAAAHmLklE%3D,1.0,100.0
1303,AoIIAAAAAHGr7FA%3D,1.0,100.0
1304,AoIIAAAAAHD0x1A%3D,1.0,100.0
1305,AoIIAAAAAHjkolA%3D,1.0,100.0
1306,AoIIAAAAAHCS%2Bk8%3D,1.0,100.0
1307,AoIIAAAAAHvw2E8%3D,1.0,100.0
1308,AoIIAAAAAH/2uk8%3D,1.0,100.0
1309,AoIIAAAAAHLAjU8%3D,1.0,100.0
1310,AoIIAAAAAHSU804%3D,1.0,100.0
1311,AoIIAAAAAHmO104%3D,1.0,100.0
1312,AoIIAAAAAHK7tE4%3D,1.0,100.0
1313,AoIIAAAAAHGCmE4%3D,1.0,100.0
1314,AoIIAAAAAHDf8E0%3D,1.0,100.0
1315,AoIIAAAAAHKhxE0%3D,1.0,100.0
1316,AoIIAAAAAH6QmU0%3D,1.0,100.0
1317,AoIIAAAAAHHw4kw%3D,1.0,100.0
1318,AoIIAAAAAH2Hrkw%3D,1.0,100.0
1319,AoIIAAAAAHzKg0w%3D,1.0,100.0
1320,AoIIAAAAAHyI4Us%3D,1.0,100.0
1321,AoIIAAAAAHPvxUs%3D,1.0,100.0
1322,AoIIAAAAAHG/pUs%3D,1.0,100.0
1323,AoIIAAAAAHb2hks%3D,1.0,100.0
1324,AoIIAAAAAHWp4Eo%3D,1.0,100.0
1325,AoIIAAAAAHuWwko%3D,1.0,100.0
1326,AoIIAAAAAH7Jqko%3D,1.0,100.0
1327,AoIIAAAAAHiQhUo%3D,1.0,100.0
1328,AoIIAAAAAHPVzkk%3D,1.0,100.0
1329,AoIIAAAAAHnbq0k%3D,1.0,100.0
1330,AoIIAAAAAHfpgkk%3D,1.0,100.0
1331,AoIIAAAAAHzF4Ug%3D,1.0,100.0
1332,AoIIAAAAAH3LwUg%3D,1.0,100.0
1333,AoIIAAAAAHbplkg%3D,1.0,100.0
1334,AoIIAAAAAHDW6Uc%3D,1.0,100.0
1335,AoIIAAAAAH%2BDvkc%3D,1.0,100.0
1336,AoIIAAAAAHuDo0c%3D,1.0,100.0
1337,AoIIAAAAAH3R/EY%3D,1.0,100.0
1338,AoIIAAAAAHGH2kY%3D,1.0,100.0
1339,AoIIAAAAAH2gsUY%3D,1.0,100.0
1340,AoIIAAAAAH2Ti0Y%3D,1.0,100.0
1341,AoIIAAAAAH6l%2BEU%3D,1.0,100.0
1342,AoIIAAAAAHDs3UU%3D,1.0,100.0
1343,AoIIAAAAAHqgvEU%3D,1.0,100.0
1344,AoIIAAAAAHjLl0U%3D,1.0,100.0
1345,AoIIAAAAAHb07kQ%3D,1.0,100.0
1346,AoIIAAAAAH39w0Q%3D,1.0,100.0
1347,AoIIAAAAAHr%2BmkQ%3D,1.0,100.0
1348,AoIIAAAAAH2s8kM%3D,1.0,100.0
1349,AoIIAAAAAHvkyUM%3D,1.0,100.0
1350,AoIIAAAAAHivqUM%3D,1.0,100.0
1351,AoIIAAAAAHfjhkM%3D,1.0,100.0
1352,AoIIAAAAAHuQ40I%3D,1.0,100.0
1353,AoIIAAAAAHSax0I%3D,1.0,100.0
1354,AoIIAAAAAHv/rkI%3D,1.0,100.0
1355,AoIIAAAAAHX2lUI%3D,1.0,100.0
1356,AoIIAAAAAHal9kE%3D,1.0,100.0
1357,AoIIAAAAAHrbzEE%3D,1.0,100.0
1358,AoIIAAAAAHqVr0E%3D,1.0,100.0
1359,AoIIAAAAAHDRj0E%3D,1.0,100.0
1360,AoIIAAAAAHug6EA%3D,1.0,100.0
1361,AoIIAAAAAHrQvUA%3D,1.0,100.0
1362,AoIIAAAAAHyfj0A%3D,1.0,100.0
1363,AoIIAAAAAH7v3T8%3D,1.0,100.0
1364,AoIIAAAAAHHmrD8%3D,1.0,100.0
1365,AoIIAAAAAHWQ8j4%3D,1.0,100.0
1366,AoIIAAAAAHHjtz4%3D,1.0,100.0
1367,AoIIAAAAAHLPiT4%3D,1.0,100.0
1368,AoIIAAAAAHmI4D0%3D,1.0,100.0
1369,AoIIAAAAAH3vqT0%3D,1.0,100.0
1370,AoIIAAAAAHzoiD0%3D,1.0,100.0
1371,AoIIAAAAAHTV5Tw%3D,1.0,100.0
1372,AoIIAAAAAHHMyTw%3D,1.0,100.0
1373,AoIIAAAAAHjerTw%3D,1.0,100.0
1374,AoIIAAAAAHvzjzw%3D,1.0,100.0
1375,AoIIAAAAAHau4Ts%3D,1.0,100.0
1376,AoIIAAAAAHm4rzs%3D,1.0,100.0
1377,AoIIAAAAAHabiDs%3D,1.0,100.0
1378,AoIIAAAAAHDu4jo%3D,1.0,100.0
1379,AoIIAAAAAHHgvTo%3D,1.0,100.0
1380,AoIIAAAAAHD8lzo%3D,1.0,100.0
1381,AoIIAAAAAHqC8zk%3D,1.0,100.0
1382,AoIIAAAAAHyezjk%3D,1.0,100.0
1383,AoIIAAAAAHP9sTk%3D,1.0,100.0
1384,AoIIAAAAAHy2mTk%3D,1.0,100.0
1385,AoIIAAAAAH/K9jg%3D,1.0,100.0
1386,AoIIAAAAAHPaxTg%3D,1.0,100.0
1387,AoIIAAAAAHaXnjg%3D,1.0,100.0
1388,AoIIAAAAAHqM7Dc%3D,1.0,100.0
1389,AoIIAAAAAHKltzc%3D,1.0,100.0
1390,AoIIAAAAAHTlkDc%3D,1.0,100.0
1391,AoIIAAAAAHCj4DY%3D,1.0,100.0
1392,AoIIAAAAAHKbvjY%3D,1.0,100.0
1393,AoIIAAAAAHzxizY%3D,1.0,100.0
1394,AoIIAAAAAHy%2B6jU%3D,1.0,100.0
1395,AoIIAAAAAH%2BvvDU%3D,1.0,100.0
1396,AoIIAAAAAHHrkjU%3D,1.0,100.0
1397,AoIIAAAAAHSI7zQ%3D,1.0,100.0
1398,AoIIAAAAAHelvjQ%3D,1.0,100.0
1399,AoIIAAAAAHqqizQ%3D,1.0,100.0
1400,AoIIAAAAAHyA2jM%3D,1.0,100.0
1401,AoIIAAAAAHqwpjM%3D,1.0,100.0
1402,AoIIAAAAAHeDhzM%3D,1.0,100.0
1403,AoIIAAAAAHjU8DI%3D,1.0,100.0
1404,AoIIAAAAAHbK0TI%3D,1.0,100.0
1405,AoIIAAAAAHbovTI%3D,1.0,100.0
1406,AoIIAAAAAHOJnjI%3D,1.0,100.0
1407,AoIIAAAAAHfA%2BzE%3D,1.0,100.0
1408,AoIIAAAAAH%2B04jE%3D,1.0,100.0
1409,AoIIAAAAAHaTxTE%3D,1.0,100.0
1410,AoIIAAAAAH2oqTE%3D,1.0,100.0
1411,AoIIAAAAAH/khDE%3D,1.0,100.0
1412,AoIIAAAAAH7m2jA%3D,1.0,100.0
1413,AoIIAAAAAHn6wjA%3D,1.0,100.0
1414,AoIIAAAAAHb6qzA%3D,1.0,100.0
1415,AoIIAAAAAHC5mDA%3D,1.0,100.0
1416,AoIIAAAAAHj1%2By8%3D,1.0,100.0
1417,AoIIAAAAAHjz0C8%3D,1.0,100.0
1418,AoIIAAAAAHyPry8%3D,1.0,100.0
1419,AoIIAAAAAHWclC8%3D,1.0,100.0
1420,AoIIAAAAAHaW9S4%3D,1.0,100.0
1421,AoIIAAAAAHTW3C4%3D,1.0,100.0
1422,AoIIAAAAAHuxyC4%3D,1.0,100.0
1423,AoIIAAAAAHjMry4%3D,1.0,100.0
1424,AoIIAAAAAHKGky4%3D,1.0,100.0
1425,AoIIAAAAAHDE9S0%3D,1.0,100.0
1426,AoIIAAAAAHWa2C0%3D,1.0,100.0
1427,AoIIAAAAAHKPwi0%3D,1.0,100.0
1428,AoIIAAAAAHy8tC0%3D,1.0,100.0
1429,AoIIAAAAAHeHny0%3D,1.0,100.0
1430,AoIIAAAAAH7J/iw%3D,1.0,100.0
1431,AoIIAAAAAHnJ4Sw%3D,1.0,100.0
1432,AoIIAAAAAHPIxiw%3D,1.0,100.0
1433,AoIIAAAAAHnwniw%3D,1.0,100.0
1434,AoIIAAAAAHTl/Ss%3D,1.0,100.0
1435,AoIIAAAAAHHL3ys%3D,1.0,100.0
1436,AoIIAAAAAHvPxSs%3D,1.0,100.0
1437,AoIIAAAAAHbirSs%3D,1.0,100.0
1438,AoIIAAAAAH7jnCs%3D,1.0,100.0
1439,AoIIAAAAAHXukSs%3D,1.0,100.0
1440,AoIIAAAAAHyy5So%3D,1.0,100.0
1441,AoIIAAAAAHXUsSo%3D,1.0,100.0
1442,AoIIAAAAAHGHjyo%3D,1.0,100.0
1443,AoIIAAAAAH6S3yk%3D,1.0,100.0
1444,AoIIAAAAAHXWuyk%3D,1.0,100.0
1445,AoIIAAAAAH%2BtlCk%3D,1.0,100.0
1446,AoIIAAAAAHKq8ig%3D,1.0,100.0
1447,AoIIAAAAAHm2zSg%3D,1.0,100.0
1448,AoIIAAAAAH%2BxsSg%3D,1.0,100.0
1449,AoIIAAAAAHbxlyg%3D,1.0,100.0
1450,AoIIAAAAAHH5/ic%3D,1.0,100.0
1451,AoIIAAAAAHCA3Sc%3D,1.0,100.0
1452,AoIIAAAAAHqWvyc%3D,1.0,100.0
1453,AoIIAAAAAHn8oSc%3D,1.0,100.0
1454,AoIIAAAAAHPz%2ByY%3D,1.0,100.0
1455,AoIIAAAAAHDbziY%3D,1.0,100.0
1456,AoIIAAAAAHGWsiY%3D,1.0,100.0
1457,AoIIAAAAAHH6jSY%3D,1.0,100.0
1458,AoIIAAAAAHft8SU%3D,1.0,100.0
1459,AoIIAAAAAH7p1iU%3D,1.0,100.0
1460,AoIIAAAAAHeZwCU%3D,1.0,100.0
1461,AoIIAAAAAHfctSU%3D,1.0,100.0
1462,AoIIAAAAAHerqSU%3D,1.0,100.0
1463,AoIIAAAAAHzRlCU%3D,1.0,100.0
1464,AoIIAAAAAHjv%2ByQ%3D,1.0,100.0
1465,AoIIAAAAAHjQ3iQ%3D,1.0,100.0
1466,AoIIAAAAAHjNoiQ%3D,1.0,100.0
1467,AoIIAAAAAH/a9yM%3D,1.0,100.0
1468,AoIIAAAAAHCt3yM%3D,1.0,100.0
1469,AoIIAAAAAHeeyCM%3D,1.0,100.0
1470,AoIIAAAAAH/lqyM%3D,1.0,100.0
1471,AoIIAAAAAH6LlyM%3D,1.0,100.0
1472,AoIIAAAAAH34giM%3D,1.0,100.0
1473,AoIIAAAAAHiy8iI%3D,1.0,100.0
1474,AoIIAAAAAHGs4CI%3D,1.0,100.0
1475,AoIIAAAAAH6F0SI%3D,1.0,100.0
1476,AoIIAAAAAHHfxSI%3D,1.0,100.0
1477,AoIIAAAAAH%2BYtyI%3D,1.0,100.0
1478,AoIIAAAAAHKnrCI%3D,1.0,100.0
1479,AoIIAAAAAHapoCI%3D,1.0,100.0
1480,AoIIAAAAAHSdgiI%3D,1.0,100.0
1481,AoIIAAAAAH6H6SE%3D,1.0,100.0
1482,AoIIAAAAAHvv0SE%3D,1.0,100.0
1483,AoIIAAAAAHvPuCE%3D,1.0,100.0
1484,AoIIAAAAAHSznSE%3D,1.0,100.0
1485,AoIIAAAAAHeCgyE%3D,1.0,100.0
1486,AoIIAAAAAH3T5yA%3D,1.0,100.0
1487,AoIIAAAAAHO/zCA%3D,1.0,100.0
1488,AoIIAAAAAH3qtCA%3D,1.0,100.0
1489,AoIIAAAAAH%2BjmSA%3D,1.0,100.0
1490,AoIIAAAAAHiG/B8%3D,1.0,100.0
1491,AoIIAAAAAHKX3x8%3D,1.0,100.0
1492,AoIIAAAAAHaIvx8%3D,1.0,100.0
1493,AoIIAAAAAHedpx8%3D,1.0,100.0
1494,AoIIAAAAAHaylB8%3D,1.0,100.0
1495,AoIIAAAAAHzHhR8%3D,1.0,100.0
1496,AoIIAAAAAHnY9R4%3D,1.0,100.0
1497,AoIIAAAAAH3x3h4%3D,1.0,100.0
1498,AoIIAAAAAHbd0h4%3D,1.0,100.0
1499,AoIIAAAAAHv0vB4%3D,1.0,100.0
1500,AoIIAAAAAHunqR4%3D,1.0,100.0
1501,AoIIAAAAAH3/lx4%3D,,
